data_elezione;comune;provincia;elettori;votanti;affluenza_pct;bianche;non_valide;candidato;eletto;voti_candidato;pct_candidato;lista;voti_lista;pct_lista;seggi
03/10/2021;ROMA;ROMA;2359248;1145268;;12389;35356;GUALTIERI ROBERTO;True;299976;27.03;PARTITO DEMOCRATICO;166194;16.38;18
03/10/2021;ROMA;ROMA;2359248;1145268;;12389;35356;GUALTIERI ROBERTO;True;299976;27.03;LISTA CIVICA GUALTIERI SINDACO;54779;5.4;5
03/10/2021;ROMA;ROMA;2359248;1145268;;12389;35356;GUALTIERI ROBERTO;True;299976;27.03;SINISTRA CIVICA ECOLOGISTA;20501;2.02;2
03/10/2021;ROMA;ROMA;2359248;1145268;;12389;35356;GUALTIERI ROBERTO;True;299976;27.03;ROMA FUTURA;20028;1.97;2
03/10/2021;ROMA;ROMA;2359248;1145268;;12389;35356;GUALTIERI ROBERTO;True;299976;27.03;DEMOS DEMOCRAZIA SOLIDALE;9610;0.95;1
03/10/2021;ROMA;ROMA;2359248;1145268;;12389;35356;GUALTIERI ROBERTO;True;299976;27.03;EUROPA VERDE;9354;0.92;1
03/10/2021;ROMA;ROMA;2359248;1145268;;12389;35356;GUALTIERI ROBERTO;True;299976;27.03;PARTITO SOCIALISTA ITALIANO;2841;0.28;
03/10/2021;ROMA;ROMA;2359248;1145268;;12389;35356;GUALTIERI ROBERTO;True;299976;27.03;Totale coalizione;283307;27.92;29
03/10/2021;ROMA;ROMA;2359248;1145268;;12389;35356;MICHETTI ENRICO;True;334548;30.14;FRATELLI D'ITALIA;176809;17.42;5
03/10/2021;ROMA;ROMA;2359248;1145268;;12389;35356;MICHETTI ENRICO;True;334548;30.14;LEGA SALVINI PREMIER;60183;5.93;2
03/10/2021;ROMA;ROMA;2359248;1145268;;12389;35356;MICHETTI ENRICO;True;334548;30.14;FORZA ITALIA-UNIONE DI CENTRO;36444;3.59;1
03/10/2021;ROMA;ROMA;2359248;1145268;;12389;35356;MICHETTI ENRICO;True;334548;30.14;LISTA CIVICA MICHETTI SINDACO;25048;2.47;
03/10/2021;ROMA;ROMA;2359248;1145268;;12389;35356;MICHETTI ENRICO;True;334548;30.14;RINASCIMENTO SGARBI MICHETTI SINDACO CAMBIAMO ROMA;18659;1.84;
03/10/2021;ROMA;ROMA;2359248;1145268;;12389;35356;MICHETTI ENRICO;True;334548;30.14;PARTITO LIBERALE EUROPEO;1371;0.14;
03/10/2021;ROMA;ROMA;2359248;1145268;;12389;35356;MICHETTI ENRICO;True;334548;30.14;Totale coalizione;318514;31.39;8
03/10/2021;ROMA;ROMA;2359248;1145268;;12389;35356;CALENDA CARLO;True;219878;19.81;CALENDA SINDACO;193477;19.06;4
03/10/2021;ROMA;ROMA;2359248;1145268;;12389;35356;RAGGI VIRGINIA;True;211936;19.09;MOVIMENTO 5 STELLE;111668;11.0;3
03/10/2021;ROMA;ROMA;2359248;1145268;;12389;35356;RAGGI VIRGINIA;True;211936;19.09;LISTA CIVICA VIRGINIA RAGGI;43581;4.29;1
03/10/2021;ROMA;ROMA;2359248;1145268;;12389;35356;RAGGI VIRGINIA;True;211936;19.09;CULTURA E INNOVAZIONE ROMA ECOLOGISTA;10328;1.02;
03/10/2021;ROMA;ROMA;2359248;1145268;;12389;35356;RAGGI VIRGINIA;True;211936;19.09;SPORTIVI PER ROMA;6855;0.68;
03/10/2021;ROMA;ROMA;2359248;1145268;;12389;35356;RAGGI VIRGINIA;True;211936;19.09;CON LE DONNE PER ROMA;4895;0.48;
03/10/2021;ROMA;ROMA;2359248;1145268;;12389;35356;RAGGI VIRGINIA;True;211936;19.09;ROMA DECIDE;2255;0.22;
03/10/2021;ROMA;ROMA;2359248;1145268;;12389;35356;RAGGI VIRGINIA;True;211936;19.09;Totale coalizione;179582;17.7;4
03/10/2021;ROMA;ROMA;2359248;1145268;;12389;35356;TEODORI LUCA;False;7139;0.64;3V VERITA' LIBERTA';6512;0.64;
03/10/2021;ROMA;ROMA;2359248;1145268;;12389;35356;CANITANO ELISABETTA DETTA LISA;False;6615;0.6;POTERE AL POPOLO!;6090;0.6;
03/10/2021;ROMA;ROMA;2359248;1145268;;12389;35356;BERDINI PAOLO;False;4722;0.43;ROMA TI RIGUARDA-BERDINI SINDACO-RIF.COM. -ROMA PER L'ECOLOGIA-PARTITO DEL SUD;4215;0.42;
03/10/2021;ROMA;ROMA;2359248;1145268;;12389;35356;LOZZI MONICA;False;4546;0.41;REVOLUZIONE CIVICA;4224;0.42;
03/10/2021;ROMA;ROMA;2359248;1145268;;12389;35356;QUINTAVALLE MICAELA;False;3781;0.34;PARTITO COMUNISTA;3583;0.35;
03/10/2021;ROMA;ROMA;2359248;1145268;;12389;35356;CIRILLO CRISTINA;False;3253;0.29;PCI;3107;0.31;
03/10/2021;ROMA;ROMA;2359248;1145268;;12389;35356;MARRAZZO FABRIZIO;False;2735;0.25;PARTITO GAY LGBT+;2599;0.26;
03/10/2021;ROMA;ROMA;2359248;1145268;;12389;35356;CENCIOTTI FABIOLA;False;2056;0.19;IL POPOLO DELLA FAMIGLIA;1634;0.16;
03/10/2021;ROMA;ROMA;2359248;1145268;;12389;35356;TROMBETTA GILBERTO;False;1704;0.15;RI RICONQUISTARE L'ITALIA;1525;0.15;
03/10/2021;ROMA;ROMA;2359248;1145268;;12389;35356;TREFILETTI ROSARIO;False;1598;0.14;ITALIA DEI VALORI;1460;0.14;
03/10/2021;ROMA;ROMA;2359248;1145268;;12389;35356;GISMONDI GIAN LUCA;False;1573;0.14;MOVIMENTO IDEA SOCIALE M.I.S;1486;0.15;
03/10/2021;ROMA;ROMA;2359248;1145268;;12389;35356;BERNAUDO ANDREA;False;1046;0.09;LIBERISTI ITALIANI;944;0.09;
03/10/2021;ROMA;ROMA;2359248;1145268;;12389;35356;IACOMONI SERGIO DETTO NERONE;False;740;0.07;MOVIMENTO STORICO ROMANO LISTA NERONE;695;0.07;
03/10/2021;ROMA;ROMA;2359248;1145268;;12389;35356;CORRADO MARGHERITA;False;618;0.06;PROGETTO CIVICO ATTIVA ROMA;593;0.06;
03/10/2021;ROMA;ROMA;2359248;1145268;;12389;35356;GRISOLIA FRANCESCO;False;510;0.05;PARTITO COMUNISTA DEI LAVORATORI;477;0.05;
03/10/2021;ROMA;ROMA;2359248;1145268;;12389;35356;MAGLI PAOLO ORONZO;False;408;0.04;MPL MOVIMENTO POLITICO LIBERTAS;395;0.04;
03/10/2021;ROMA;ROMA;2359248;1145268;;12389;35356;CIRILLO GIUSEPPE DETTO DR. SEDUCTION;False;340;0.03;PARTITO DELLE BUONE MANIERE;253;0.02;
03/10/2021;ROMA;ROMA;2359248;1145268;;12389;35356;PRIOLO CARLO;False;190;0.02;FIGLI D'ITALIA BAMBINI DEL MONDO;166;0.02;
